forget_class,class_name,group,channels,real_sd,null_sd,snr,real_max_abs,null_p99,channels_beyond_noise,pct_beyond_noise
0,airplane,stem,3,0.029989914757028894,0.0008006118316778097,37.458745387487276,0.07987949997186661,0.0067204721365123985,3,100.0
0,airplane,layer1,256,0.09931663016020956,0.06251355465013794,1.5887215295313624,0.9869213104248047,0.026384932361543177,121,47.265625
0,airplane,layer2,512,0.08195106281055162,0.007966002996116025,10.287601304005083,0.38630932569503784,0.013247025115415452,443,86.5234375
0,airplane,layer3,1024,0.1269432103343405,0.032437294275783624,3.913495658887652,1.0,0.015193664254620666,907,88.57421875
0,airplane,layer4,2048,0.30870475469006453,0.008590567621517926,35.935315137594756,0.883514404296875,0.02490920899435877,1943,94.873046875
0,airplane,fc,512,0.4830121661832806,0.008615025133348124,56.066251543895824,0.9210594296455383,0.020752288307994603,506,98.828125
1,automobile,stem,3,0.010729806490847581,0.0008424452736118757,12.736502686809455,0.052020296454429626,0.001142554422840476,3,100.0
1,automobile,layer1,256,0.09358362183408021,0.06273381022166259,1.4917573395177723,1.0,0.03359395582228899,104,40.625
1,automobile,layer2,512,0.08024427134003642,0.057560553883162655,1.3940844193910564,1.0,0.02480840960517525,392,76.5625
1,automobile,layer3,1024,0.12468690927939773,0.03199141247939516,3.8975118513352713,0.945672869682312,0.017798593770712613,875,85.44921875
1,automobile,layer4,2048,0.3139290850212988,0.006679940939719457,46.99578751582243,0.9681260585784912,0.0208723629079759,1944,94.921875
1,automobile,fc,512,0.47600884896465473,0.006410651334570598,74.25280585729111,0.91902756690979,0.017713879719376553,509,99.4140625
2,bird,stem,3,0.00649377246277369,0.00037950104284747456,17.11134286759682,0.05535360053181648,0.0015664839372038842,3,100.0
2,bird,layer1,256,0.07655667044762526,0.06269792979792004,1.2210398444473838,0.8411605954170227,0.025099580734968163,119,46.484375
2,bird,layer2,512,0.079172871256936,0.020546257080027833,3.8533963119685035,1.0,0.013637354699894785,428,83.59375
2,bird,layer3,1024,0.1012603769262409,0.014668429995896131,6.9032866472124885,1.0,0.018650086503475896,820,80.078125
2,bird,layer4,2048,0.3170692338039138,0.007511242821450386,42.21261931493372,0.874906599521637,0.02288871699944138,1924,93.9453125
2,bird,fc,512,0.49034785087243205,0.005538530700375484,88.53392305637828,0.8831918239593506,0.013797606248408551,511,99.8046875
3,cat,stem,3,0.013353766449580747,0.000482551607306678,27.673240016987393,0.023325936868786812,0.005491793286055326,2,66.66666666666667
3,cat,layer1,256,0.07985245766949595,0.06264432680937972,1.2746957583641823,1.0,0.032605323754250994,74,28.90625
3,cat,layer2,512,0.06105961110176173,0.044900551435828454,1.3598855503818854,0.5356698632240295,0.018785087969154086,346,67.578125
3,cat,layer3,1024,0.10120104003657834,0.010007380938073403,10.112639926752037,1.0,0.016811696514487266,856,83.59375
3,cat,layer4,2048,0.29238889032114523,0.007405974529477345,39.480137172680735,0.8837624788284302,0.02063085477799177,1929,94.189453125
3,cat,fc,512,0.5008974256214705,0.00674757432758897,74.23370255788649,0.8694987297058105,0.016441209632903332,510,99.609375
4,deer,stem,3,0.009611311907496983,0.0005535228225280151,17.36389452489203,0.08822038769721985,0.003678940846584737,3,100.0
4,deer,layer1,256,0.10076891398849606,0.06269258847680352,1.6073497112945163,1.0,0.027909417171031216,111,43.359375
4,deer,layer2,512,0.08812733851734164,0.04949733677461468,1.7804460655858727,0.8701854944229126,0.010717864111065848,452,88.28125
4,deer,layer3,1024,0.11800698265462112,0.025722203559404296,4.587747794705426,1.0,0.016294747591018673,903,88.18359375
4,deer,layer4,2048,0.3111169113681319,0.007303581630092835,42.5978550148932,0.936166524887085,0.02357571089640259,1928,94.140625
4,deer,fc,512,0.47972952942354846,0.005058547004583673,94.83543970014588,0.8638993501663208,0.01176343312487006,510,99.609375
5,dog,stem,3,0.013602574964779146,0.0008157958901281461,16.673993004110915,0.02271118387579918,0.0016642260365188123,3,100.0
5,dog,layer1,256,0.05816197456635322,0.06280639512017845,0.9260517890743729,0.4966704845428467,0.03186180386692278,78,30.46875
5,dog,layer2,512,0.0777177037567255,0.0581753214533838,1.335922205758693,1.0,0.01765539139509199,372,72.65625
5,dog,layer3,1024,0.11291097909901011,0.02182610035497643,5.173209014099763,1.0,0.016251007281243797,868,84.765625
5,dog,layer4,2048,0.30625554420780227,0.00806883971315291,37.95533869740641,0.9023617506027222,0.024600175004452465,1902,92.87109375
5,dog,fc,512,0.4970580270441189,0.008013973901452353,62.023913872996054,0.8530360460281372,0.02193810822442174,510,99.609375
6,frog,stem,3,0.003657946597827249,0.0007030901273480936,5.202670974238033,0.04917747899889946,0.0021735631674528124,3,100.0
6,frog,layer1,256,0.08873700698479388,0.06249791414167814,1.4198394971011938,0.5539066195487976,0.021613785158842796,125,48.828125
6,frog,layer2,512,0.1189272787329067,0.01180249653421881,10.076451061697204,1.0,0.014958598650991917,436,85.15625
6,frog,layer3,1024,0.14169524134031947,0.010833140949540087,13.079793016662913,1.0,0.014879940859973427,932,91.015625
6,frog,layer4,2048,0.31936594418325603,0.007973904055009867,40.05139038293343,0.9449624419212341,0.022173275575041757,1965,95.947265625
6,frog,fc,512,0.48564349646102806,0.009944142782391719,48.837140323544645,0.9040398597717285,0.02398187575861811,507,99.0234375
7,horse,stem,3,0.00747349930429138,0.0007295919566360959,10.243395964436315,0.01833827793598175,0.003933865483850241,2,66.66666666666667
7,horse,layer1,256,0.08175534233719432,0.06295261810876907,1.2986805758568778,1.0,0.06505974028259492,26,10.15625
7,horse,layer2,512,0.06644349137205431,0.05398356929321106,1.230809526712977,1.0,0.016292951442301216,349,68.1640625
7,horse,layer3,1024,0.10914586659834889,0.01323784073559321,8.24499015952679,1.0,0.016436315067112434,847,82.71484375
7,horse,layer4,2048,0.31934710970822167,0.006315206623296789,50.56795901659822,0.8926365971565247,0.021426537428051222,1933,94.384765625
7,horse,fc,512,0.4948895723957637,0.005907627840395243,83.7712844759452,0.8969704508781433,0.01706107413396236,507,99.0234375
8,ship,stem,3,0.010531654947698284,0.0004953735999530319,21.260024653507628,0.02701513096690178,0.0011235907662194222,3,100.0
8,ship,layer1,256,0.0821012870240559,0.0051027400000246935,16.089647331366795,0.5602676272392273,0.026921552140265693,116,45.3125
8,ship,layer2,512,0.09557374501674308,0.05399794107235505,1.7699516522061116,1.0,0.012894622944295385,455,88.8671875
8,ship,layer3,1024,0.1416369246624612,0.02801648658220654,5.0554848926851434,1.0,0.015843225717544554,942,91.9921875
8,ship,layer4,2048,0.3185292821117291,0.009068580609004884,35.12449145519389,0.9345559477806091,0.02529444899410007,1951,95.263671875
8,ship,fc,512,0.4796338749167214,0.010089121328020449,47.53970730678374,0.9190224409103394,0.02467384800314903,506,98.828125
9,truck,stem,3,0.005562587049859869,0.001233332074868542,4.510210318216829,0.05709177628159523,0.00319562581833452,3,100.0
9,truck,layer1,256,0.05743991388083117,0.007340946876385463,7.824591956332675,0.26576584577560425,0.032798141706734806,105,41.015625
9,truck,layer2,512,0.07398190867053077,0.0624986398817357,1.18373629907026,0.5140104293823242,0.012710999585688113,429,83.7890625
9,truck,layer3,1024,0.12702361681707292,0.03170430551024694,4.006509992026744,1.0,0.01602600721642375,872,85.15625
9,truck,layer4,2048,0.30601477016041573,0.00698800120617529,43.79145926448764,0.9590319395065308,0.020725123640149827,1948,95.1171875
9,truck,fc,512,0.4874652874636965,0.007141818095238227,68.25506908229875,0.9265556931495667,0.023884996976703345,507,99.0234375
